{"cameraMode":{"drawMode":0,"name":"Shaded","section":"Shading Mode"},"sceneLighting":false,"audioPlay":false,"sceneViewState":{"showFog":true,"showMaterialUpdate":true,"showSkybox":false,"showFlares":true,"showImageEffects":true,"showParticleSystems":true},"in2DMode":false,"pivot":{"x":52.899688720703128,"y":338.81671142578127,"z":0.0},"rotation":{"x":-0.01649549789726734,"y":0.021284757182002069,"z":-0.0004308157949708402,"w":-0.9996755719184876},"size":19.307769775390626,"orthographic":false}