{"cameraMode":{"drawMode":0,"name":"Shaded","section":"Shading Mode"},"sceneLighting":false,"audioPlay":false,"sceneViewState":{"showFog":true,"showMaterialUpdate":true,"showSkybox":false,"showFlares":true,"showImageEffects":true,"showParticleSystems":true},"in2DMode":false,"pivot":{"x":-293.86138916015627,"y":-14.105146408081055,"z":382.3125},"rotation":{"x":0.10880567878484726,"y":0.8435136675834656,"z":-0.1863613724708557,"w":0.49193528294563296},"size":0.8660253882408142,"orthographic":false}