{"cameraMode":{"drawMode":0,"name":"Shaded","section":"Shading Mode"},"sceneLighting":true,"audioPlay":false,"sceneViewState":{"showFog":true,"showMaterialUpdate":true,"showSkybox":false,"showFlares":true,"showImageEffects":true,"showParticleSystems":true},"in2DMode":false,"pivot":{"x":118.8529052734375,"y":221.68707275390626,"z":31.811748504638673},"rotation":{"x":0.03748367726802826,"y":0.02637319080531597,"z":-0.0008621382876299322,"w":0.9989981651306152},"size":70.78934478759766,"orthographic":false}