{"cameraMode":{"drawMode":0,"name":"Shaded","section":"Shading Mode"},"sceneLighting":false,"audioPlay":false,"sceneViewState":{"showFog":true,"showMaterialUpdate":true,"showSkybox":false,"showFlares":true,"showImageEffects":true,"showParticleSystems":true},"in2DMode":false,"pivot":{"x":270.1999816894531,"y":378.79998779296877,"z":0.0},"rotation":{"x":0.022497067227959634,"y":-0.007208143826574087,"z":-0.00022186872956808656,"w":-0.9997560381889343},"size":36.89749526977539,"orthographic":false}